{"CookieSPAEnabled":false,"MultiVariantTestingEnabled":false,"UseV2":true,"MobileSDK":false,"SkipGeolocation":false,"ScriptType":"PRODUCTION","Version":"6.26.0","OptanonDataJSON":"50da44be-0564-43df-b139-329aedcf267b","GeolocationUrl":"https://geolocation.onetrust.com/cookieconsentpub/v1/geo/location","BulkDomainCheckUrl":"https://cookies-data.onetrust.io/bannersdk/v1/domaingroupcheck","RuleSet":[{"Id":"eb4d85ae-3363-4f38-819a-f294325e94ea","Name":"IAB 2.0 - Germany","Countries":["de"],"States":{},"LanguageSwitcherPlaceholder":{"default":"de","en":"en"},"BannerPushesDown":false,"Default":false,"Global":false,"Type":"IAB2","UseGoogleVendors":false,"VariantEnabled":false,"TestEndTime":null,"Variants":[],"TemplateName":"Spotify - GDPR IAB Banner (Germany) - DRAFT","Conditions":[],"GCEnable":false},{"Id":"18a6847d-e7d6-4bb7-ab25-6119553afeb8","Name":"IAB 2.0","Countries":["no","be","fi","pt","bg","dk","lt","lu","lv","hr","hu","se","si","sk","gb","ie","ee","mt","is","gr","it","es","at","cy","cz","pl","li","ro","nl"],"States":{},"LanguageSwitcherPlaceholder":{"no":"no","de":"de","sv":"sv","fi":"fi","pt":"pt","bg":"bg","el":"el","lt":"lt","lv":"lv","is":"is","hr":"hr","it":"it","fr":"fr","hu":"hu","es":"es","et":"et","cs":"cs","default":"en","sk":"sk","sl":"sl","pl":"pl","ro":"ro","da":"da","nl":"nl"},"BannerPushesDown":false,"Default":true,"Global":false,"Type":"IAB2","UseGoogleVendors":false,"VariantEnabled":false,"TestEndTime":null,"Variants":[],"TemplateName":"Spotify - GDPR IAB Banner","Conditions":[],"GCEnable":false},{"Id":"e9ff570e-e373-4535-b4a9-36d75241d949","Name":"Standard Notice Banner","Countries":["hk","ps","pw","ht","qa","id","il","ae","in","ag","za","al","am","ao","zm","au","az","zw","ba","bb","rs","bd","ru","jm","bf","jo","rw","bi","bj","bn","sa","sb","sc","bs","bt","sg","bw","by","bz","sl","ke","sm","sn","kg","kh","ki","ca","sr","st","kn","ch","ci","sz","kr","cm","cn","kw","kz","td","tg","cv","cw","th","la","lb","lc","tl","to","lk","tt","tv","dj","lr","tz","ls","dm","ug","ma","md","me","mg","mh","us","mk","ml","mn","eg","uz","mr","mu","mv","mw","my","vc","mz","na","ne","vn","ng","vu","np","nr","fj","fm","nz","ga","ws","gd","om","ge","gh","gm","gn","gq","gw","gy","pg","ph","pk"],"States":{},"LanguageSwitcherPlaceholder":{"hi":"hi","de":"de","es-BO":"es-BO","zh-Hans":"zh-Hans","zh-Hant":"zh-Hant","es-BZ":"es-BZ","uk":"uk","es-CC":"es-CC","id":"id","ur":"ur","af":"af","es-SV":"es-SV","ms":"ms","es-GT":"es-GT","es-CR":"es-CR","it":"it","es-CL":"es-CL","es":"es","es-CO":"es-CO","es-PE":"es-PE","ar":"ar","vi":"vi","es-PA":"es-PA","ne":"ne","ja":"ja","az":"az","zu":"zu","nl":"nl","es-HN":"es-HN","ru":"ru","es-PR":"es-PR","es-PY":"es-PY","fr":"fr","bn":"bn","es-DO":"es-DO","default":"en","es-EC":"es-EC","en-PH":"en-PH","sr":"sr","sw":"sw","ko":"ko","pt-BR":"pt-BR","es-UY":"es-UY","es-VE":"es-VE","ta":"ta","es-MX":"es-MX","th":"th","es-AR":"es-AR","he":"he","tr":"tr","es-NI":"es-NI"},"BannerPushesDown":false,"Default":false,"Global":false,"Type":"GENERIC","UseGoogleVendors":false,"VariantEnabled":false,"TestEndTime":null,"Variants":[],"TemplateName":"Spotify - Standard Notice Banner","Conditions":[],"GCEnable":false},{"Id":"e1c6de5c-0a38-446a-96e2-7c6cf3500ea3","Name":"IAB 2.0 - Reject All Button","Countries":["fr"],"States":{},"LanguageSwitcherPlaceholder":{"no":"no","de":"de","sv":"sv","fi":"fi","pt":"pt","bg":"bg","el":"el","lt":"lt","en":"en","lv":"lv","is":"is","hr":"hr","it":"it","hu":"hu","es":"es","et":"et","cs":"cs","default":"fr","sk":"sk","sl":"sl","pl":"pl","ro":"ro","da":"da","nl":"nl"},"BannerPushesDown":false,"Default":false,"Global":false,"Type":"IAB2","UseGoogleVendors":false,"VariantEnabled":false,"TestEndTime":null,"Variants":[],"TemplateName":"Spotify - GDPR IAB Banner (Reject all button)","Conditions":[],"GCEnable":false},{"Id":"65538195-4215-4a49-91eb-d5db3f5ed7e6","Name":"Global","Countries":["pr","tw","hm","hn","py","do","ye","ua","ly","dz","um","ec","mm","mo","mp","eh","ad","im","uy","af","ms","io","iq","ai","ir","va","mx","er","ve","et","aq","vg","ar","as","vi","nc","aw","nf","ni","je","fk","bh","jp","nu","fo","bl","bm","bo","wf","bq","br","sd","bv","sh","sj","so","gg","cc","ss","cd","km","gi","cf","sv","cg","gl","sx","kp","sy","ck","cl","co","gs","gt","gu","ky","cr","tc","pa","tf","cu","pe","cx","pf","tj","tk","tm","tn","pm","pn","tr"],"States":{},"LanguageSwitcherPlaceholder":{"hi":"hi","de":"de","es-BO":"es-BO","zh-Hans":"zh-Hans","zh-Hant":"zh-Hant","es-BZ":"es-BZ","uk":"uk","es-CC":"es-CC","id":"id","ur":"ur","af":"af","es-SV":"es-SV","ms":"ms","es-GT":"es-GT","es-CR":"es-CR","it":"it","es-CL":"es-CL","es":"es","es-CO":"es-CO","es-PE":"es-PE","ar":"ar","vi":"vi","es-PA":"es-PA","ne":"ne","ja":"ja","az":"az","zu":"zu","nl":"nl","es-HN":"es-HN","ru":"ru","es-PR":"es-PR","es-PY":"es-PY","fr":"fr","bn":"bn","es-DO":"es-DO","default":"en","es-EC":"es-EC","en-PH":"en-PH","sr":"sr","sw":"sw","ko":"ko","pt-BR":"pt-BR","es-UY":"es-UY","es-VE":"es-VE","ta":"ta","es-MX":"es-MX","th":"th","es-AR":"es-AR","he":"he","tr":"tr","es-NI":"es-NI"},"BannerPushesDown":false,"Default":false,"Global":true,"Type":"GENERIC","UseGoogleVendors":false,"VariantEnabled":false,"TestEndTime":null,"Variants":[],"TemplateName":"Spotify - Standard Notice Banner","Conditions":[],"GCEnable":false}],"IabData":{"cookieVersion":"1","createdTime":"2022-04-06T08:36:42.875917","updatedTime":"2022-04-06T08:36:42.875923","cmpId":"28","cmpVersion":"1","consentScreen":"1","consentLanguage":null,"vendorListVersion":0,"maxVendorId":0,"encodingType":"0","globalVendorListUrl":"https://cdn.cookielaw.org/vendorlist/iabData.json"},"IabV2Data":{"cookieVersion":"1","createdTime":"2022-04-06T08:36:42.925212","updatedTime":"2022-04-06T08:36:42.925222","cmpId":"28","cmpVersion":"1","consentScreen":"1","consentLanguage":null,"vendorListVersion":136,"maxVendorId":0,"encodingType":"0","globalVendorListUrl":"https://cdn.cookielaw.org/vendorlist/iab2Data.json"},"GoogleData":{"vendorListVersion":1,"googleVendorListUrl":"https://cdn.cookielaw.org/vendorlist/googleData.json"},"ScriptDynamicLoadEnabled":false,"TenantFeatures":{"CookieV2BannerFocus":true,"CookieV2TargetedTemplates":true,"CookieV2GPC":true,"CookieV2AssignTemplateRule":true,"CookieV2GeolocationJsonApi":true,"CookieV2TCF21":true,"CookieV2RemoveSettingsIcon":true,"CookieV2GeneralVendors":true},"IsSuppressBanner":false,"IsSuppressPC":false,"PublisherCC":"DE","Domain":"spotify.com","TenantGuid":"f1b38160-cf19-4625-89df-35263d2d97c0","EnvId":"app-de-prod","RemoteActionsEnabled":false,"GeoRuleGroupName":"Spotify Domains"}